"","ALTERNATIVE","num","mean","sd","max","min","se","sem"
"1","cloud",600,268.055928013333,215.481699086444,5335.069947,124.983335,17.5940070556579,8.79700352782895
"2","remote",600,110.967219818333,176.346372508194,3221.491078,14.423053,14.3986210211948,7.19931051059738
