"","ALTERNATIVE","num","mean","sd","max","min","se","sem"
"1","cloud",4800,88.7919248714583,99.1166177236097,5110.714334,62.207551,2.86125029619457,1.43062514809728
"2","remote",4800,17.2918853014583,50.4831572806882,3173.311387,5.926196,1.45732322227738,0.728661611138689
